{
  "settings": {
    "csrf": false,
    "debug": false,
    "loggerFormat": "tiny",
    "staticPath": "public/",
    "session": {
      "secret": "fake secret"
    }
  },
  "database": {
    "database": "realworld",
    "useUnifiedTopology":true
},
  "mongodb": {
    "uri" : "mongodb://10.0.20.12:27017/session"
  },

  "mailserver": {
    "host": "fake host",
    "port": 25,
    "auth": {
      "user": "fake user",
      "pass": "fake password"
    },
    "logger": true,
    "debug": false
  },
  "mailfrom": "fake mail from"
}
